{
  "id": "seo-service",
  "_default": {
    "ecr": {
      "seo-service": {
        "image_name": "ph_seo-service",
        "tag_name": "DEV-CMS",
        "ports": {
          "9001": "9000"
        },
        "environment_variables": [
          "CONF_FILE_NAME=configuration.conf"
        ],
        "volumes": {
          "/etc/localtime": "/etc/localtime",
          "/opt/phenom/logs/seo-service": "/opt/deployment/logs/seo-service",
          "/opt/phenom/buildproperties/hub-site/seo-service/DEV": "/opt/deployment/buildproperties"
        }
      }
    },
    "nginx-pod":{
      "uri": "test-uri.phenompeople.com",
      "nginx_template":"ajp_template",
      "service_port":5000,
      "application_port":5000
    }
  }
}